DM_max_cosSim,DM_mean_cosSim,DBOW_max_cosSim,DBOW_mean_cosSim,DM_DBOW_max_cosSim,DM_DBOW_mean_cosSim,Annotation
0.62466,0.1798,0.74571,0.64519,0.61969,0.25661,correct_but_incomplete
-0.04819,-0.14762,0.54487,0.50109,0.47294,0.3335,correct
0.08495,-0.00655,0.57399,0.51584,0.56192,0.41287,incorrect
0.85046,0.4082,0.5711,0.3952,0.60448,0.36974,incorrect
0.0054,0.0054,0.66645,0.66645,0.18558,0.18558,incorrect
0.12669,0.07835,0.66626,0.54554,0.39195,0.27494,correct
0.29771,0.13348,0.72479,0.44064,0.57103,0.35332,correct
0.18652,0.02559,0.64053,0.40575,0.54332,0.28795,incorrect
0.99764,0.21716,0.99948,0.21323,0.99885,0.20674,correct
0.18599,0.09144,0.43992,0.35305,0.4378,0.31045,correct_but_incomplete
0.45859,0.23326,0.78352,0.56285,0.77033,0.52414,incorrect
0.20941,-0.07996,0.70031,0.53277,0.69851,0.46801,incorrect
0.16508,-0.08986,-0.08421,-0.14754,-0.02712,-0.08568,correct_but_incomplete
0.42144,0.27468,0.36011,0.24175,0.33619,0.27134,correct_but_incomplete
0.25674,0.02548,0.67486,0.64861,0.61618,0.46881,correct_but_incomplete
0.02526,-0.08802,0.80406,0.72435,0.78953,0.52508,correct_but_incomplete
0.00452,-0.07986,0.69542,0.48965,0.69442,0.48314,incorrect
0.82286,0.45842,0.65699,0.44607,0.61962,0.43323,correct
0.02935,-0.04055,0.67206,0.48151,0.6652,0.39688,correct_but_incomplete
-0.12686,-0.24215,0.54373,0.38737,0.51646,0.28827,incorrect
0.1236,-0.02098,0.78422,0.57714,0.76877,0.47564,correct
0.13147,-0.18446,0.54298,0.31424,0.4224,0.22764,correct_but_incomplete
0.0919,0.03851,0.57311,0.34144,0.45531,0.20742,correct_but_incomplete
0.31169,0.03753,0.75999,0.47044,0.60856,0.35594,correct
0.04935,0.04456,0.58213,0.5705,0.55872,0.34348,correct
0.32108,0.16052,0.69048,0.46764,0.63149,0.4277,incorrect
0.94437,0.31413,0.62514,0.47574,0.57934,0.40496,incorrect
0.74221,0.23626,0.62488,0.35825,0.57635,0.3126,correct_but_incomplete
0.01666,-0.01729,0.79884,0.52896,0.55246,0.31661,correct
0.22606,0.05313,0.55851,0.30101,0.12162,0.08721,incorrect
0.33217,0.06651,0.72307,0.56369,0.69329,0.51668,contradictory
0.2846,0.02791,0.60123,0.3433,0.52173,0.29185,incorrect
0.35048,0.09815,0.64316,0.35634,0.56246,0.23481,correct_but_incomplete
0.33339,0.14774,0.62258,0.5264,0.57914,0.34886,correct
0.13573,-0.00275,0.105,0.06306,0.07391,0.0339,correct
0.21523,0.0992,0.26803,0.2398,0.2007,0.19114,correct_but_incomplete
0.12394,-0.00754,0.78355,0.62965,0.62561,0.52892,incorrect
0.33114,0.00604,0.7068,0.46292,0.53357,0.27947,correct
0.14273,-0.0744,0.51807,0.35531,0.14566,0.04813,incorrect
0.06744,0.0108,0.54767,0.41266,0.26011,0.1606,correct
0.06993,0.03418,-0.01433,-0.05532,-0.01015,-0.03846,correct
0.32425,0.14509,0.6438,0.38902,0.38346,0.25859,contradictory
-0.0461,-0.0461,0.50685,0.50685,0.46136,0.46136,contradictory
0.03226,0.01067,0.04431,0.01595,0.02721,0.00812,correct_but_incomplete
0.73115,0.28947,0.69737,0.58217,0.59718,0.46565,correct
0.38718,0.00762,0.72888,0.64918,0.68602,0.57579,contradictory
0.13382,0.01337,0.69309,0.36271,0.57544,0.29283,correct
0.13483,0.05213,0.37034,0.25916,0.22666,0.14803,incorrect
0.12908,0.12908,0.36304,0.36304,0.2878,0.2878,incorrect
0.24651,0.0645,0.77288,0.52057,0.73901,0.51011,correct_but_incomplete
0.13663,0.08754,0.53248,0.49847,0.52194,0.46401,correct_but_incomplete
0.09114,0.07022,0.74521,0.64825,0.61512,0.47045,correct
0.02495,-0.09257,0.57727,0.25839,0.53584,0.19773,incorrect
0.42865,0.16469,0.56363,0.42303,0.50763,0.35452,contradictory
0.1816,0.1108,0.62995,0.53951,0.44664,0.41295,correct_but_incomplete
0.11761,-0.0213,0.52305,0.36078,0.48183,0.30831,correct
0.14502,0.04869,0.37923,0.09982,0.2804,0.09726,correct
0.02974,-0.04322,0.68,0.49673,0.53387,0.37674,correct
0.33706,0.07247,0.80797,0.61141,0.79022,0.38335,incorrect
0.11844,-0.05339,0.76415,0.63914,0.75062,0.43036,incorrect
0.40897,0.18797,0.64731,0.60636,0.5304,0.5097,correct
0.31075,0.06415,0.55277,0.3209,0.3132,0.17981,correct_but_incomplete
0.38366,0.22656,0.63787,0.28185,0.45893,0.26961,correct
-0.08102,-0.08102,0.4958,0.4958,0.13216,0.13216,incorrect
0.09112,0.01414,0.47038,0.39536,0.45726,0.3692,incorrect
0.03864,-0.04017,0.03013,-0.02362,0.02191,-0.0291,incorrect
0.12283,-0.00719,0.59477,0.48744,0.58325,0.36372,correct_but_incomplete
0.05726,0.02842,0.00792,-0.01375,0.02513,0.00557,correct
0.06904,0.06119,0.70125,0.61713,0.5323,0.50701,incorrect
0.87781,0.46027,0.7443,0.50906,0.66819,0.43369,correct_but_incomplete
0.15672,0.08299,0.64489,0.35652,0.26636,0.17892,correct
0.05376,-0.0141,0.46325,0.37933,0.42983,0.35144,correct
0.38938,0.27122,0.45214,0.39829,0.4223,0.32513,incorrect
0.09644,0.01131,0.35255,0.24132,0.25547,0.1225,incorrect
0.10147,-0.03319,0.6194,0.48152,0.46578,0.27975,correct_but_incomplete
0.13055,0.05867,0.54611,0.30313,0.34543,0.12281,correct
0.44184,0.0048,0.77274,0.61593,0.69973,0.40818,incorrect
0.23247,-0.04341,0.7448,0.51878,0.52816,0.26128,incorrect
0.62517,0.10649,0.6289,0.3908,0.46573,0.25584,incorrect
0.30558,0.04076,0.72808,0.62989,0.56159,0.47693,correct_but_incomplete
0.29604,0.02861,0.57288,0.41634,0.57262,0.41269,contradictory
0.13548,-0.06652,0.54612,0.41035,0.46016,0.21582,correct_but_incomplete
0.37504,0.14243,0.78135,0.49863,0.75547,0.48252,correct
0.11748,-0.046,0.60763,0.43059,0.37593,0.28088,correct_but_incomplete
-0.04877,-0.17162,0.60813,0.37861,0.51581,0.20776,correct
0.29488,0.11876,0.4545,0.27199,0.34619,0.19449,correct_but_incomplete
0.32465,-0.02609,0.53161,0.37068,0.43988,0.20883,correct
0.313,0.14529,0.3876,0.26672,0.27694,0.21606,correct_but_incomplete
0.24924,0.24924,0.47916,0.47916,0.4774,0.4774,incorrect
0.0335,-0.02391,0.52554,0.43094,0.33891,0.22461,correct_but_incomplete
-0.01215,-0.04624,0.82628,0.76632,0.76277,0.49351,correct
0.31945,0.08275,0.74314,0.3572,0.72573,0.34009,correct
0.13615,0.00724,0.37015,0.24799,0.28679,0.17902,correct
0.01823,0.01823,0.47988,0.47988,0.19345,0.19345,correct
0.24454,0.16316,0.65084,0.43291,0.56003,0.33842,correct_but_incomplete
0.22351,-0.11184,0.72978,0.42673,0.56877,0.30301,contradictory
0.05874,-0.04774,0.71278,0.39359,0.70153,0.38542,contradictory
0.0795,-0.02907,0.58089,0.24342,0.57698,0.19003,contradictory
0.13142,0.13142,0.63065,0.63065,0.4286,0.4286,correct
0.19223,0.06953,0.49982,0.2221,0.39926,0.18944,correct
0.25088,0.10242,0.61025,0.4476,0.48161,0.35984,incorrect
0.64926,0.13575,0.59628,0.24185,0.49588,0.19411,contradictory
0.64405,0.15124,0.75547,0.559,0.65873,0.42778,correct_but_incomplete
0.20695,0.10844,0.62508,0.47522,0.51528,0.35167,correct
0.14584,-0.0026,0.6307,0.56113,0.6066,0.4381,correct
0.28516,0.19262,0.64711,0.5279,0.50876,0.41916,correct
0.04178,-0.00025,0.04481,0.00687,0.0417,0.00679,incorrect
0.76695,0.30869,0.70311,0.46674,0.74578,0.31617,correct
0.34829,0.19529,0.44326,0.42272,0.40816,0.30359,correct
0.17994,0.02125,0.74764,0.54963,0.70446,0.37204,correct_but_incomplete
0.36245,0.07291,0.55792,0.51747,0.53854,0.48549,incorrect
-0.18922,-0.18922,0.46716,0.46716,0.40905,0.40905,correct
0.17687,0.03383,0.78317,0.57626,0.76969,0.5183,contradictory
0.48216,0.28947,0.7586,0.51714,0.43151,0.33167,correct
0.33513,0.18474,0.52214,0.36965,0.41345,0.27972,contradictory
0.29568,0.09952,0.78674,0.4307,0.52261,0.26307,incorrect
0.08584,0.02082,0.31087,0.2596,0.22651,0.17245,correct
-0.07335,-0.07335,0.57254,0.57254,0.41809,0.41809,correct
0.36977,0.17029,0.80771,0.61334,0.732,0.42895,correct_but_incomplete
0.28623,0.07377,0.75035,0.57192,0.57725,0.38827,correct
0.24937,0.06538,0.07773,-0.00601,0.2493,0.03484,incorrect
0.1001,0.00626,0.09248,0.06895,0.07692,0.04179,correct
0.41209,0.15397,0.02004,0.0003,0.22394,0.08201,incorrect
0.30249,0.05258,0.03148,-0.08349,0.16566,0.03649,contradictory
0.36884,0.12072,0.69292,0.30452,0.54952,0.1682,correct
0.10968,-0.01198,0.53148,0.42375,0.44403,0.29751,incorrect
0.35706,-0.0016,0.63335,0.458,0.55511,0.39461,contradictory
0.514,0.22158,0.70388,0.54948,0.69975,0.51711,correct_but_incomplete
0.16372,0.12235,0.57766,0.35864,0.50542,0.30688,correct
0.30136,0.09815,0.7408,0.41632,0.57315,0.32667,incorrect
0.04958,0.03151,0.03646,0.01844,0.02157,0.01792,correct
0.07285,0.00968,0.04356,-0.0254,0.03619,-0.0174,correct
0.17264,0.02644,0.72806,0.48915,0.71661,0.42453,incorrect
0.39142,0.06704,0.43472,0.16481,0.33557,0.18893,correct_but_incomplete
-0.19319,-0.19319,0.63564,0.63564,0.53022,0.53022,incorrect
-0.09419,-0.31781,0.74494,0.60668,0.67002,0.44801,incorrect
0.06182,-0.06023,0.46722,0.25164,0.30272,0.16978,correct
0.61763,0.37566,0.7352,0.39122,0.60184,0.42379,correct
0.06671,0.03082,0.78419,0.63882,0.3154,0.2291,correct
0.31951,0.13378,0.59335,0.4957,0.59288,0.40768,contradictory
0.48506,0.04281,0.55744,0.35249,0.44284,0.22217,contradictory
0.63833,0.1294,0.77397,0.65562,0.71308,0.51417,correct
0.53022,0.03652,0.65331,0.43954,0.59944,0.32044,incorrect
0.78463,0.29663,0.80468,0.48906,0.69493,0.40793,incorrect
0.30047,-0.05588,0.77222,0.52132,0.64939,0.39255,incorrect
0.36005,0.21304,0.80654,0.45545,0.72046,0.38015,correct
-0.00489,-0.10397,0.62816,0.2224,0.59448,0.19762,incorrect
-0.01635,-0.03973,0.29397,0.24951,0.01903,0.00276,correct
0.38847,0.17708,0.57592,0.39379,0.48359,0.29722,correct
0.2604,0.0917,0.79638,0.5021,0.685,0.37645,correct
0.31879,0.11272,0.70948,0.30354,0.39024,0.19843,contradictory
-0.0157,-0.0325,-0.00032,-0.0276,-0.00934,-0.02596,correct
0.10005,0.0193,0.10007,0.03656,0.04756,0.02379,contradictory
0.00684,-0.00499,0.69567,0.63123,0.6613,0.48754,correct_but_incomplete
0.30766,0.09642,0.44811,0.27625,0.28846,0.15248,contradictory
0.47914,0.06083,0.70282,0.4538,0.64642,0.3543,contradictory
0.44168,0.28474,0.65865,0.49566,0.65192,0.40887,correct_but_incomplete
0.16205,0.04178,0.63558,0.3293,0.39787,0.1782,contradictory
0.09809,0.09718,0.44349,0.38531,0.31583,0.24614,correct
0.06322,0.03965,0.56602,0.51248,0.48565,0.43239,correct
0.08545,-0.16721,0.1375,0.04135,0.0366,-0.09959,correct
0.04333,0.01061,0.6832,0.5654,0.19709,0.16624,incorrect
0.44627,0.19897,0.75726,0.3783,0.69445,0.2974,correct_but_incomplete
0.14244,0.04528,0.71296,0.44414,0.69207,0.41363,contradictory
0.38734,0.08196,0.62732,0.3233,0.61228,0.26302,incorrect
0.39473,0.39473,0.77505,0.77505,0.46058,0.46058,correct_but_incomplete
0.28444,0.08051,0.4745,0.25854,0.39291,0.20723,contradictory
0.32196,0.16708,0.71149,0.64768,0.69672,0.58644,incorrect
0.22375,-0.02961,0.7349,0.525,0.64039,0.3989,incorrect
0.7531,0.23888,0.7707,0.60804,0.44108,0.21124,correct
-0.06237,-0.06237,0.53642,0.53642,0.43009,0.43009,correct_but_incomplete
0.06551,0.01216,0.11137,0.07306,0.08835,0.03704,correct
0.01797,-0.09772,0.61871,0.42298,0.57763,0.38179,incorrect
0.12719,0.0663,0.5435,0.32924,0.32928,0.22565,correct_but_incomplete
0.21464,0.03548,0.72802,0.47672,0.65587,0.19348,incorrect
0.10885,0.09955,0.55976,0.43526,0.30313,0.24286,correct_but_incomplete
0.998,0.38305,0.66823,0.50082,0.62231,0.18297,correct_but_incomplete
0.01399,-0.0007,0.57898,0.3161,0.48279,0.26012,correct
0.18242,0.1636,0.43933,0.36791,0.26819,0.21436,correct_but_incomplete
0.17237,0.17237,0.62927,0.62927,0.48042,0.48042,incorrect
0.14172,0.03713,0.5566,0.30172,0.36282,0.17536,incorrect
0.51583,0.33631,0.62736,0.40511,0.40684,0.31134,correct_but_incomplete
0.51099,0.21903,0.55624,0.30981,0.54823,0.29547,incorrect
0.50654,0.20505,0.65136,0.39506,0.39127,0.20645,incorrect
0.86955,0.14676,0.68096,0.42958,0.68042,0.37509,correct
0.10176,0.01847,0.05559,-0.00291,0.07102,0.01551,correct
0.3606,0.1736,0.55515,0.35123,0.39894,0.23069,correct
0.25103,0.12827,0.57293,0.50869,0.37662,0.33706,correct
0.01188,0.00902,0.58293,0.3556,0.50787,0.29935,incorrect
0.40258,0.26432,0.60305,0.41981,0.45417,0.33826,correct
0.13096,0.13096,0.51745,0.51745,0.50071,0.50071,incorrect
-0.09772,-0.09772,-0.00183,-0.00183,-0.01537,-0.01537,correct_but_incomplete
0.27285,0.17136,0.57833,0.47132,0.44022,0.32491,correct
0.29513,0.09268,0.67469,0.66302,0.61175,0.59811,correct
0.4407,0.10162,0.67561,0.55348,0.51166,0.44606,correct
0.54795,0.48012,0.72629,0.5591,0.59948,0.52406,correct_but_incomplete
0.40269,0.1035,0.47258,0.34379,0.37519,0.24858,incorrect
0.82562,0.29613,0.79131,0.5156,0.5655,0.36061,correct
0.117,0.00719,0.43184,0.36021,0.32041,0.25092,incorrect
0.3484,0.07558,0.70228,0.5581,0.62974,0.46175,incorrect
0.2594,0.05839,0.59097,0.53649,0.53346,0.49017,correct
0.57909,0.10728,0.77851,0.60431,0.75414,0.50752,correct
0.62162,0.14816,0.7313,0.50352,0.67989,0.4299,correct_but_incomplete
0.09096,0.02268,0.68977,0.68004,0.66568,0.47633,correct_but_incomplete
0.36315,0.0228,0.65944,0.50488,0.45431,0.27588,incorrect
0.18598,0.13306,0.03159,0.0086,0.13123,0.04349,incorrect
0.2508,0.08343,0.54497,0.22186,0.30371,0.09589,correct
0.07753,-0.05568,0.56123,0.31337,0.51669,0.26615,correct
0.41763,0.09312,0.63957,0.38066,0.61829,0.35374,correct
0.60961,0.38166,0.45534,0.3926,0.3517,0.28332,correct
0.41467,0.24653,0.57907,0.46336,0.35808,0.26457,correct
-0.05603,-0.05603,0.49427,0.49427,0.46257,0.46257,incorrect
0.13045,0.03484,0.77625,0.46285,0.54373,0.34161,incorrect
0.26404,0.03978,0.73613,0.65315,0.69236,0.59916,correct
0.24768,0.03654,0.67809,0.47341,0.67618,0.42004,correct
0.47669,0.16921,0.52825,0.3221,0.43498,0.23629,correct
0.01184,-0.009,0.08955,0.04892,0.06093,0.01378,correct
0.28775,0.08029,0.53156,0.24878,0.41938,0.19218,incorrect
0.22867,0.14888,0.59322,0.40778,0.42568,0.29697,incorrect
0.38306,0.03551,0.66891,0.39213,0.57086,0.25469,correct
0.23356,0.21103,0.61462,0.60925,0.60375,0.53397,correct_but_incomplete
0.26611,0.1387,0.03713,0.02058,0.26584,0.09083,contradictory
0.21381,0.05054,0.68696,0.53569,0.52339,0.29102,contradictory
0.22419,-0.10503,0.62752,0.53107,0.56838,0.42764,correct_but_incomplete
0.09043,-0.00493,0.08327,0.03085,0.0253,0.00755,incorrect
0.05501,0.01242,0.63639,0.51189,0.59083,0.36389,correct
-0.06234,-0.06234,0.62248,0.62248,0.58496,0.58496,correct
0.19519,-0.05331,0.54698,0.45866,0.52771,0.38927,correct
0.13124,0.07502,0.69146,0.52839,0.54971,0.32232,correct
0.14756,0.05873,0.78936,0.53415,0.72915,0.45618,contradictory
0.22219,0.07028,0.70074,0.58702,0.57983,0.26552,contradictory
0.19923,-0.0404,0.70969,0.43082,0.65482,0.34513,incorrect
-0.00592,-0.2322,0.73985,0.59168,0.70829,0.47526,incorrect
0.33238,0.11683,0.66829,0.52924,0.61876,0.40701,correct_but_incomplete
0.30355,0.08578,0.72655,0.51734,0.55159,0.31725,correct_but_incomplete
0.08173,0.00769,0.55281,0.38621,0.3448,0.20005,contradictory
0.39758,0.03272,0.65576,0.35929,0.64541,0.27619,incorrect
-0.02662,-0.05298,0.50924,0.28732,0.43169,0.20352,correct_but_incomplete
0.04124,-0.01295,0.65636,0.3273,0.64796,0.26346,contradictory
0.03059,0.0068,0.57311,0.51954,0.57261,0.29405,incorrect
0.0617,-0.01594,0.59533,0.40908,0.34755,0.23453,correct
-0.03394,-0.07631,0.67082,0.40121,0.54383,0.17051,correct_but_incomplete
0.20704,0.07856,0.59669,0.58473,0.59302,0.58244,correct_but_incomplete
0.06308,0.00755,0.62164,0.56144,0.52225,0.47104,incorrect
0.51511,0.22256,0.71091,0.56973,0.51625,0.25682,correct
0.20812,0.05504,0.0032,-0.03649,0.02597,-0.00236,correct_but_incomplete
0.74237,0.12461,0.81964,0.61417,0.3012,0.11975,contradictory
-0.07019,-0.1241,0.64548,0.33636,0.6452,0.38115,correct
0.04062,-0.01334,0.67142,0.31011,0.65973,0.15504,correct
0.35688,0.1792,0.68104,0.54676,0.64542,0.33931,correct
0.12245,0.06034,0.73204,0.36736,0.70563,0.33465,correct
0.04112,-0.137,0.06948,0.03123,0.02744,-0.02285,incorrect
0.39012,0.22418,0.67027,0.62223,0.551,0.36668,incorrect
0.01354,-0.0327,-0.07241,-0.08486,-0.00657,-0.03967,correct
-0.05523,-0.19771,0.55728,0.34172,0.39797,0.10595,incorrect
0.0966,0.04264,0.38635,0.3406,0.32485,0.28805,incorrect
0.20046,0.07958,0.7272,0.45036,0.51431,0.31376,incorrect
0.03195,-0.04952,0.56992,0.45146,0.35568,0.24932,correct
0.33514,0.22515,0.46978,0.41158,0.33877,0.3112,correct_but_incomplete
-0.01943,-0.0219,0.72734,0.396,0.72347,0.38398,correct
0.15004,-0.03348,0.7073,0.50634,0.70589,0.47906,correct_but_incomplete
0.11206,-0.0399,0.80561,0.52239,0.74676,0.41989,correct_but_incomplete
0.12352,0.03258,0.52727,0.39918,0.38293,0.24585,correct
0.05709,-0.0087,0.60866,0.57028,0.60796,0.51069,correct_but_incomplete
0.0388,0.0388,0.0115,0.0115,0.01693,0.01693,correct
0.0299,-0.02921,0.60495,0.50839,0.58401,0.39456,correct
0.44546,0.31767,0.05576,0.00636,0.43629,0.30245,correct
0.1367,0.10729,-0.03789,-0.05488,0.00711,-0.00712,correct_but_incomplete
0.16703,0.08731,0.6564,0.50238,0.36742,0.26209,incorrect
0.28895,0.07752,0.74171,0.50775,0.72128,0.48161,incorrect
0.11858,0.10173,0.73292,0.70836,0.13818,0.12884,correct
0.26347,0.04614,0.66989,0.48307,0.55857,0.41237,contradictory
0.02831,0.02831,0.46511,0.46511,0.35859,0.35859,correct_but_incomplete
-0.00345,-0.02235,0.69846,0.60983,0.66716,0.48867,incorrect
0.03953,-0.14356,0.63443,0.43951,0.38503,0.12568,correct_but_incomplete
0.03718,0.00636,0.79216,0.74206,0.79019,0.72105,correct
0.16598,-0.01094,0.4549,0.35904,0.40289,0.31659,incorrect
0.18658,-0.02902,0.59153,0.43266,0.4906,0.27559,incorrect
0.46666,0.26378,0.66313,0.58202,0.38425,0.29717,correct
0.26578,-0.05868,0.72303,0.52947,0.32024,0.23183,contradictory
0.55084,0.21824,0.67696,0.488,0.66538,0.39536,correct
0.82582,0.35738,0.63633,0.5393,0.37553,0.24826,correct
0.44692,0.11725,0.68867,0.4704,0.43534,0.16751,correct
0.79759,0.32154,0.84734,0.55859,0.56542,0.48651,incorrect
0.09168,0.01709,0.43127,0.29151,0.39988,0.25991,correct
0.01126,-0.09026,0.64707,0.54201,0.54347,0.37402,incorrect
0.71301,0.45367,0.68347,0.62317,0.63429,0.55664,correct
0.23088,0.03077,0.65711,0.50941,0.52927,0.32539,incorrect
0.05351,0.01143,0.76278,0.3292,0.67558,0.28545,incorrect
0.52744,0.15671,0.81614,0.50325,0.6953,0.38697,correct_but_incomplete
0.19863,0.142,0.45358,0.37194,0.18712,0.07994,incorrect
0.28204,0.09019,0.62939,0.54427,0.47199,0.33291,correct
0.25251,0.11756,0.66757,0.5229,0.63315,0.49696,incorrect
0.06469,-0.05938,0.64339,0.41257,0.46978,0.22827,incorrect
0.35391,0.09422,0.35683,0.06738,0.30206,0.10972,correct
0.21494,0.11816,0.69614,0.61162,0.54272,0.47799,correct
0.11107,-0.08076,0.4871,0.30271,0.32264,0.24718,incorrect
0.11621,0.02573,0.61887,0.389,0.58497,0.20592,incorrect
0.27244,0.13923,0.65023,0.61655,0.60817,0.5789,incorrect
0.29426,0.13663,0.57677,0.4344,0.48917,0.32199,incorrect
0.05453,-0.12361,0.62972,0.47402,0.34318,0.10861,incorrect
0.05109,-0.03459,0.64607,0.477,0.62416,0.36655,correct
0.27189,0.16883,0.61561,0.56429,0.50943,0.40755,correct
0.03614,-0.05244,0.64945,0.37055,0.20635,0.06612,incorrect
0.48307,0.17058,0.6559,0.3913,0.50799,0.28397,correct
0.03389,-0.01079,0.57534,0.34473,0.4661,0.21697,correct_but_incomplete
0.64994,0.2644,0.86347,0.61462,0.5735,0.27358,contradictory
0.57084,0.16635,0.61502,0.37165,0.4522,0.3533,correct_but_incomplete
0.1111,0.06294,0.47327,0.2513,0.36097,0.21091,correct
0.22888,0.07801,0.7875,0.42834,0.71625,0.29321,incorrect
0.24088,0.15406,0.71132,0.53021,0.31961,0.24946,correct_but_incomplete
0.12444,0.00597,0.66142,0.56311,0.63501,0.3966,incorrect
0.29628,0.13257,0.58297,0.53956,0.5586,0.5208,correct
0.13272,0.05939,0.63259,0.48496,0.46009,0.38185,contradictory
0.00927,0.00927,0.53225,0.53225,0.42194,0.42194,correct_but_incomplete
0.36328,0.06847,0.65928,0.42046,0.57652,0.27244,incorrect
-0.01983,-0.05969,0.69632,0.58772,0.58684,0.45057,correct
0.07698,-0.02573,0.5394,0.26927,0.24902,0.15407,correct
0.99179,0.4034,0.6096,0.5464,0.58665,0.43034,correct
0.12445,0.0104,0.62151,0.38962,0.61718,0.38398,correct
0.31322,0.1921,0.56355,0.34234,0.48169,0.2789,correct
0.51454,0.28773,-0.05035,-0.1156,0.35684,0.1216,correct_but_incomplete
0.0529,0.05117,0.62053,0.50258,0.58271,0.47421,contradictory
-0.06622,-0.09971,0.72711,0.67152,0.7146,0.66421,correct
0.17864,0.07771,0.66562,0.5667,0.66545,0.53714,contradictory
0.04389,0.0365,0.12052,0.08676,0.09015,0.06632,correct_but_incomplete
-0.00115,-0.04482,0.75293,0.62278,0.58195,0.39077,correct
-0.01408,-0.03685,0.00044,-0.03311,-0.00123,-0.03283,correct_but_incomplete
0.14835,-0.01542,0.59099,0.38364,0.4799,0.23667,incorrect
0.09802,-0.01917,0.64762,0.42374,0.60303,0.33186,incorrect
0.25341,0.0784,0.57204,0.3621,0.48812,0.31066,correct
0.25262,0.25262,0.49866,0.49866,0.38266,0.38266,correct_but_incomplete
0.09285,0.09285,0.04465,0.04465,0.08498,0.08498,incorrect
0.53231,0.27665,0.43387,0.33998,0.52585,0.26938,correct
0.34405,0.11509,0.7358,0.34431,0.73147,0.32097,correct
0.15135,0.15135,-0.04391,-0.04391,-0.02237,-0.02237,correct_but_incomplete
0.01464,-0.02606,0.66476,0.55752,0.63652,0.52019,contradictory
0.03512,0.03062,0.02024,0.00996,0.0154,0.01502,correct
0.01925,-0.0425,0.63308,0.48191,0.62359,0.40978,correct
0.21255,0.06962,0.39819,0.31025,0.25357,0.19788,incorrect
-0.0054,-0.02869,0.63462,0.35958,0.49389,0.2765,incorrect
0.25256,0.06187,0.52003,0.30825,0.28444,0.16517,contradictory
0.22794,0.22794,0.24393,0.24393,0.23862,0.23862,incorrect
0.10925,0.00768,0.03216,-0.00902,0.02506,-0.00737,correct
0.16236,-0.0364,0.6302,0.52446,0.59442,0.27439,correct
0.16379,0.00375,0.76373,0.48206,0.75789,0.43814,correct
0.02142,-0.01588,0.12393,0.06478,0.08308,0.04772,incorrect
0.1838,0.10517,0.7374,0.38869,0.49659,0.3108,correct
0.11791,0.03543,0.74605,0.44934,0.67305,0.36559,contradictory
0.16277,0.09273,0.5838,0.48694,0.46775,0.38932,correct
0.25068,0.18664,0.5807,0.3292,0.46934,0.30573,correct
-0.04147,-0.10022,0.72729,0.63045,0.52577,0.35573,incorrect
0.25235,0.14272,0.63226,0.44137,0.57958,0.40327,correct
0.91482,0.22411,0.00421,-0.02841,0.08729,0.01792,correct
-0.07302,-0.1499,0.3795,0.24561,0.0426,-0.03624,correct_but_incomplete
0.30684,0.01958,0.6632,0.52181,0.62754,0.40574,contradictory
0.03726,-0.05333,0.62672,0.53364,0.59956,0.46515,incorrect
0.09878,0.03787,0.70207,0.48034,0.70141,0.44651,correct
0.47791,0.23596,0.57674,0.27196,0.56808,0.25522,correct
0.0528,0.00192,0.77672,0.65836,0.63602,0.50858,contradictory
0.39745,0.29625,0.60387,0.51736,0.53429,0.36976,correct
0.70271,0.14,0.71136,0.36543,0.58433,0.31292,incorrect
0.55225,0.41217,0.45275,0.26556,0.46393,0.28387,correct_but_incomplete
0.03595,0.03595,0.63063,0.63063,0.55268,0.55268,correct
0.16245,0.16245,0.67587,0.67587,0.32263,0.32263,correct_but_incomplete
0.13315,0.02503,0.72269,0.48052,0.70355,0.46609,correct
0.59642,0.25422,0.85942,0.56626,0.81761,0.45758,correct_but_incomplete
0.08812,0.04062,0.69868,0.57577,0.57397,0.45271,incorrect
-0.00836,-0.00836,0.2186,0.2186,0.2107,0.2107,correct_but_incomplete
0.08587,0.00088,0.52024,0.41782,0.40345,0.32771,incorrect
-0.06552,-0.1319,0.0833,0.05068,0.00997,-0.00237,correct_but_incomplete
0.16817,0.043,0.60119,0.42516,0.45758,0.27309,correct
0.26421,0.0297,0.73304,0.66043,0.48903,0.44491,correct
0.22816,0.10496,0.04897,0.00802,0.22714,0.10566,incorrect
0.19459,0.05315,-0.03716,-0.07379,0.01534,-0.02805,correct
0.34553,0.18656,0.57991,0.41505,0.5196,0.30143,correct
-0.0274,-0.02974,0.62998,0.59608,0.19331,0.16853,correct_but_incomplete
0.19326,0.16577,0.44025,0.29311,0.39218,0.26864,correct
0.21208,-0.06017,0.64593,0.52746,0.51779,0.32729,incorrect
0.27832,0.05145,0.56947,0.40029,0.54845,0.36162,correct_but_incomplete
0.37212,0.13823,0.7806,0.68152,0.68737,0.60278,correct
0.05785,0.03284,0.67641,0.64079,0.6702,0.61351,correct_but_incomplete
0.00561,-0.17528,0.67264,0.51554,0.55072,0.34578,correct_but_incomplete
-0.10841,-0.10841,0.45926,0.45926,0.11396,0.11396,correct_but_incomplete
0.33034,0.19898,0.64321,0.50453,0.54869,0.43315,contradictory
0.507,0.19613,0.55853,0.46202,0.51185,0.42017,correct
0.18407,0.18407,0.62305,0.62305,0.29882,0.29882,correct
0.15445,0.00435,0.71118,0.49307,0.33945,0.16488,contradictory
0.24542,0.09467,0.75057,0.65369,0.51626,0.44318,incorrect
0.84611,0.24015,0.69491,0.56933,0.57935,0.51311,correct
0.12123,0.03949,0.12433,0.03815,0.11647,0.03292,correct
0.32263,0.11521,0.5448,0.40942,0.32067,0.23312,correct
0.42353,0.1559,0.70604,0.62345,0.65106,0.48589,correct_but_incomplete
0.232,0.03051,0.74841,0.68043,0.60456,0.36992,incorrect
0.01371,-0.02734,0.47067,0.44869,0.26875,0.14026,incorrect
0.48901,0.29938,0.74979,0.58376,0.60824,0.50215,correct_but_incomplete
0.53276,0.26104,0.61514,0.6032,0.3133,0.28864,correct
0.0708,-0.01774,0.73096,0.59468,0.68731,0.50234,incorrect
0.21232,0.036,0.79698,0.47139,0.22265,0.11562,correct
-0.31526,-0.31526,0.39469,0.39469,0.16933,0.16933,correct
0.05125,0.00035,0.01359,-0.00037,0.01753,-0.0075,incorrect
0.13509,-0.00421,0.70844,0.3756,0.63319,0.23701,correct_but_incomplete
0.174,0.06038,0.65387,0.37928,0.50196,0.28335,contradictory
0.06071,0.04153,0.0584,0.01928,0.05747,0.03714,contradictory
0.03313,0.01242,0.62972,0.56115,0.49287,0.44,correct
0.26532,0.02588,0.55253,0.34154,0.51131,0.27779,incorrect
-0.02842,-0.08237,0.63897,0.53162,0.62063,0.50431,incorrect
0.14596,0.08543,0.63525,0.35174,0.31107,0.20951,correct_but_incomplete
0.45791,0.20394,0.57084,0.40276,0.4496,0.28555,correct
0.06724,0.03646,0.63824,0.4127,0.6381,0.35755,correct_but_incomplete
0.59254,0.31367,0.68631,0.57555,0.59668,0.46891,incorrect
0.10528,0.00049,0.645,0.45733,0.4782,0.28351,correct
0.06551,0.05977,0.68924,0.6832,0.67827,0.6729,incorrect
0.17836,0.17836,0.72289,0.72289,0.52895,0.52895,correct
-0.09299,-0.17656,0.66137,0.63816,0.0487,0.0057,incorrect
0.20233,-0.03896,0.10882,0.02803,0.11452,-0.01039,correct
0.45191,0.45191,0.47935,0.47935,0.35232,0.35232,correct
0.12374,0.00817,0.60787,0.52512,0.60708,0.40607,correct
0.10733,0.06778,0.71652,0.55553,0.64176,0.38012,incorrect
0.06238,0.05262,0.58103,0.4481,0.45937,0.35446,correct
0.19838,-0.02684,0.56901,0.27116,0.49642,0.21926,correct
0.27424,0.04454,0.78029,0.66456,0.64671,0.45432,correct
0.23899,0.10916,0.66651,0.50619,0.44087,0.30287,correct
0.39627,0.20068,0.63484,0.55894,0.62034,0.54508,correct
0.38455,0.09499,0.74315,0.6426,0.62354,0.47294,correct_but_incomplete
0.11545,0.07312,0.11753,0.0531,0.09978,0.06068,correct
0.25325,0.02096,0.45269,0.28837,0.26268,0.16452,correct
0.04352,-0.03084,0.5842,0.5338,0.50221,0.30416,correct
0.40369,0.18697,0.61243,0.45105,0.56893,0.39277,correct_but_incomplete
0.11252,-0.00221,0.19097,0.09156,0.1284,0.0478,correct_but_incomplete
0.43014,0.24939,0.65427,0.50102,0.52149,0.37862,correct_but_incomplete
0.30745,0.05428,0.58736,0.4236,0.38886,0.24562,correct
0.27739,-0.09986,0.6884,0.60321,0.6804,0.55345,contradictory
0.20138,0.06766,0.6261,0.57348,0.47984,0.34985,correct
0.27867,0.27867,0.6387,0.6387,0.47784,0.47784,correct_but_incomplete
0.67557,0.34804,0.73623,0.48519,0.50699,0.28224,correct
0.42068,0.12811,0.6958,0.61834,0.48117,0.34022,correct
0.41748,0.33526,0.58232,0.46904,0.54619,0.45344,correct
0.68788,0.2012,0.51048,0.27148,0.44485,0.2025,correct_but_incomplete
0.17373,0.09746,0.61427,0.43972,0.60889,0.41249,correct
-0.04268,-0.04268,0.00935,0.00935,-0.00335,-0.00335,incorrect
0.02808,-0.10645,0.63494,0.52376,0.57623,0.34765,correct_but_incomplete
0.22337,0.11456,0.42087,0.3923,0.41649,0.32656,incorrect
0.0013,-0.07828,0.63304,0.34418,0.59203,0.26909,correct
0.21275,0.00614,0.71277,0.5979,0.7026,0.53873,correct
0.20029,0.03415,0.71047,0.50027,0.66356,0.35913,incorrect
0.09402,-0.06357,0.60666,0.52479,0.5481,0.38408,correct_but_incomplete
0.07357,-0.01002,0.62301,0.47243,0.46016,0.32568,correct_but_incomplete
0.39251,0.00989,0.72307,0.41845,0.62814,0.37198,correct_but_incomplete
0.23327,0.09732,0.69821,0.40011,0.63746,0.32671,correct
-0.01588,-0.03934,0.59728,0.38625,0.59693,0.33811,correct_but_incomplete
0.85507,0.85507,0.59452,0.59452,0.70643,0.70643,correct_but_incomplete
0.02318,-0.02905,0.64642,0.41434,0.56242,0.37616,correct
0.42413,0.11263,0.45353,0.29298,0.36136,0.24725,correct
0.33128,0.12556,0.71791,0.65746,0.32862,0.2908,correct
0.05177,0.02342,0.66357,0.5487,0.32732,0.21292,incorrect
0.03486,-0.01366,0.66678,0.36948,0.14597,0.10113,incorrect
0.14473,0.01014,0.62649,0.4865,0.37118,0.3075,contradictory
-0.12724,-0.12724,0.32339,0.32339,0.14239,0.14239,correct
0.19793,0.05799,0.46563,0.19924,0.42784,0.14722,correct
0.09737,0.00803,0.74021,0.46986,0.63556,0.23636,incorrect
0.26954,0.08446,0.52913,0.41259,0.52902,0.34301,correct_but_incomplete
0.91702,0.21601,0.75976,0.42408,0.54178,0.11317,correct
0.21374,-0.06378,0.48735,0.1824,0.36121,0.13834,incorrect
0.05381,0.01866,0.3848,0.24356,0.31512,0.1895,incorrect
0.16436,0.02046,0.72436,0.51853,0.1731,0.09981,contradictory
0.4051,0.16312,0.58842,0.36912,0.5572,0.3311,correct
0.00021,-0.05452,0.44573,0.12358,0.40815,0.11339,correct
0.06028,0.02746,0.01335,-0.02378,0.02188,0.0038,correct
0.2206,0.07083,0.72484,0.69501,0.56657,0.29699,correct
0.09449,0.02879,0.6236,0.32227,0.48555,0.2541,correct
0.66649,0.30308,0.62352,0.56825,0.58009,0.5491,correct
0.83335,0.65945,0.91094,0.56816,0.86699,0.53318,correct
0.05303,0.01347,0.43392,0.3819,0.32523,0.24149,correct_but_incomplete
0.63456,0.33384,0.58038,0.3874,0.43396,0.30235,contradictory
0.05844,-0.01236,0.71189,0.60777,0.70897,0.56462,incorrect
0.25694,0.19623,0.71136,0.51741,0.6956,0.49277,correct
0.80411,0.27204,0.73762,0.39636,0.71795,0.39525,correct
0.9659,0.26602,0.74194,0.63881,0.5576,0.501,correct
-0.06196,-0.06196,0.49236,0.49236,0.25016,0.25016,contradictory
0.06979,-0.10747,0.64956,0.52148,0.63273,0.44019,correct_but_incomplete
0.06535,0.00533,0.51443,0.37502,0.49817,0.30604,correct
0.01543,0.01543,0.53411,0.53411,0.51469,0.51469,correct_but_incomplete
0.16328,0.07832,0.82641,0.52024,0.8245,0.41073,contradictory
0.28382,0.12979,0.63152,0.4318,0.53425,0.28238,correct
0.26797,0.07851,0.07414,0.03141,0.19983,0.06864,correct
0.30054,0.2331,0.73159,0.61896,0.61598,0.45538,correct_but_incomplete
0.98721,0.35112,0.03497,-0.00226,0.88784,0.29205,incorrect
0.63475,0.4261,0.70179,0.65058,0.63064,0.54465,correct_but_incomplete
0.31497,0.05862,0.40834,0.26121,0.26259,0.13869,incorrect
0.0488,-0.01153,0.36165,0.30342,0.26679,0.20921,correct_but_incomplete
0.27921,0.0958,0.5706,0.29228,0.50896,0.26145,incorrect
-0.00243,-0.0727,-0.03185,-0.0668,-0.0228,-0.04756,correct
0.23075,0.12109,0.74799,0.54994,0.6902,0.3854,correct
0.07804,-0.11499,0.63025,0.49716,0.62328,0.4918,incorrect
0.09514,-0.08604,-0.01662,-0.05693,0.07433,-0.02854,contradictory
0.19082,0.05258,0.56137,0.36781,0.39261,0.30114,incorrect
0.27108,0.27108,0.39526,0.39526,0.32517,0.32517,incorrect
0.08187,-0.01241,0.12245,0.02561,0.09904,0.01097,correct
-0.00502,-0.01408,0.67445,0.62066,0.63719,0.39287,incorrect
0.15638,-0.0289,0.72777,0.39592,0.69279,0.29767,correct_but_incomplete
0.33096,0.14434,0.62663,0.30725,0.56068,0.2696,correct
0.14478,0.0736,0.56327,0.39666,0.4607,0.28916,correct
0.61209,0.2673,0.68979,0.55154,0.64362,0.37516,contradictory
0.13039,0.03284,0.44697,0.28944,0.36657,0.22334,correct
0.64608,0.28726,0.79886,0.53516,0.72213,0.4761,correct
0.1923,0.07321,0.74102,0.45614,0.32128,0.19244,contradictory
0.31815,0.0147,0.64083,0.42011,0.35933,0.22325,correct
0.32632,0.14082,0.54022,0.45383,0.52143,0.38987,correct
0.58247,0.13422,0.82633,0.59021,0.71692,0.48014,correct
0.08407,-0.02674,0.69765,0.54752,0.42123,0.21064,incorrect
0.12125,0.07816,0.58953,0.43394,0.26768,0.1971,correct_but_incomplete
0.13821,0.12675,0.66957,0.59752,0.58899,0.32563,contradictory
0.23451,-0.03829,0.57231,0.33038,0.35486,0.13634,incorrect
0.62299,0.14243,0.54941,0.44658,0.38958,0.30701,incorrect
0.20654,0.08198,0.69162,0.65784,0.67181,0.34636,correct_but_incomplete
0.15256,0.03919,0.51421,0.45647,0.42431,0.34071,correct_but_incomplete
0.27634,0.08444,0.51165,0.38284,0.45779,0.32947,contradictory
0.17359,-0.0227,0.55603,0.32468,0.55578,0.27021,correct
0.07449,-0.01797,0.45723,0.24947,0.43183,0.24277,correct
0.19309,0.07303,0.61769,0.52243,0.17428,0.11583,correct
0.16368,0.06464,0.53724,0.35019,0.34667,0.18527,incorrect
0.12624,0.12624,0.20549,0.20549,0.17975,0.17975,correct_but_incomplete
0.23159,0.06307,0.76564,0.63689,0.75477,0.60049,correct_but_incomplete
0.05853,0.03198,0.41287,0.38455,0.36326,0.21914,correct_but_incomplete
0.40072,0.05677,0.59123,0.46227,0.54995,0.4151,correct
0.06697,-0.00834,0.57569,0.38488,0.57436,0.3683,contradictory
0.83035,0.21325,0.77182,0.54698,0.76685,0.43553,correct
0.12962,0.00518,0.50453,0.41851,0.46913,0.35324,correct
0.11501,0.04991,0.61821,0.48515,0.43673,0.27485,correct
0.43348,0.14381,0.01236,-0.02729,0.42984,0.12711,correct
0.46125,0.04998,0.5598,0.33012,0.49028,0.21848,contradictory
0.32285,0.06883,0.69266,0.54842,0.25091,0.15973,correct
0.08537,-0.06416,0.6053,0.41001,0.43468,0.21693,correct
0.40775,-0.03905,0.73323,0.54352,0.70477,0.38588,contradictory
0.0099,-0.03151,0.58788,0.46264,0.4122,0.24424,correct
-0.06047,-0.18219,0.55331,0.45946,0.53834,0.34096,contradictory
0.57237,0.25143,0.75838,0.4642,0.72756,0.35764,correct_but_incomplete
0.40877,-0.00373,0.58368,0.4989,0.55668,0.4018,correct
0.11474,0.09708,0.67328,0.60099,0.37953,0.22482,correct_but_incomplete
0.24546,0.14877,0.64867,0.51006,0.62637,0.47026,incorrect
0.28705,0.18749,0.73858,0.69618,0.73466,0.6487,correct_but_incomplete
-0.02635,-0.08168,0.71685,0.5366,0.33227,0.27786,incorrect
0.04838,-0.00149,0.67295,0.50616,0.54094,0.32634,correct_but_incomplete
0.77679,0.29639,0.8109,0.65171,0.70553,0.47814,correct
0.81515,0.21696,0.64251,0.54817,0.67416,0.38323,correct
0.78398,0.28064,0.80439,0.54979,0.46286,0.27874,correct
-0.00139,-0.02162,0.56131,0.41612,0.44122,0.23514,correct
0.21067,0.04263,0.57459,0.36561,0.54477,0.30166,correct
0.32347,0.03573,0.81726,0.524,0.66125,0.38962,correct
0.58399,0.32456,0.609,0.52351,0.59439,0.51234,correct_but_incomplete
0.44322,0.21242,0.61696,0.60961,0.4812,0.46928,correct_but_incomplete
0.19729,0.01941,0.47383,0.3481,0.08918,-0.00968,correct
0.22012,0.03616,0.65201,0.48815,0.51016,0.33737,correct_but_incomplete
0.49208,0.27012,0.61725,0.56605,0.61175,0.55824,correct
0.08771,0.04119,0.70115,0.44259,0.69947,0.40046,incorrect
0.28462,0.18352,0.69366,0.67499,0.66853,0.55556,correct
-0.05037,-0.06295,0.60756,0.57064,0.51977,0.29966,correct
0.11189,0.04976,0.69562,0.36874,0.23734,0.12335,correct
0.42684,0.18667,0.50623,0.47882,0.42569,0.23636,contradictory
0.63785,0.3543,0.66043,0.37601,0.62553,0.38973,correct_but_incomplete
0.60212,0.11682,0.80319,0.60175,0.41632,0.1304,correct_but_incomplete
0.19469,0.07889,0.69626,0.46026,0.69415,0.41564,incorrect
0.48702,0.14875,0.84095,0.59875,0.61872,0.34573,incorrect
0.10222,0.01668,0.56408,0.25912,0.52004,0.19128,correct
0.18537,-0.01817,0.74128,0.45122,0.38899,0.2519,incorrect
0.03914,0.0235,-0.0412,-0.0475,-0.00145,-0.00692,correct_but_incomplete
0.43217,0.24411,0.70208,0.66707,0.59058,0.43036,correct
0.76513,0.23757,0.67417,0.55968,0.58808,0.39761,correct
0.07208,0.00278,0.60873,0.53122,0.53832,0.40455,correct_but_incomplete
0.13503,0.02458,0.03139,-0.0253,0.0527,0.0015,correct
0.22425,0.07651,0.42392,0.20318,0.39595,0.19582,correct_but_incomplete
0.20039,0.00045,0.66348,0.4589,0.53699,0.27784,contradictory
0.07138,0.00087,0.67956,0.45684,0.671,0.36762,correct_but_incomplete
0.31034,0.21356,-0.01334,-0.01727,0.24581,0.14896,correct
0.00129,-0.02873,0.5899,0.47442,0.58951,0.38311,correct_but_incomplete
0.07969,0.03419,0.40449,0.35868,0.3764,0.33408,correct
0.76708,0.26804,0.66474,0.56654,0.58481,0.42521,incorrect
0.1068,-0.03973,0.77718,0.59044,0.73055,0.55321,correct
-0.00678,-0.04564,0.26438,0.10104,0.1674,0.03244,correct
0.15313,0.03733,0.72972,0.58162,0.72098,0.52879,incorrect
0.36017,0.18895,0.60908,0.31621,0.54079,0.2765,correct
0.25146,0.02949,0.75909,0.7041,0.69308,0.62269,incorrect
-0.12795,-0.1741,0.72173,0.66837,0.50812,0.4853,incorrect
0.09732,0.04432,0.6898,0.39788,0.68274,0.37485,correct_but_incomplete
0.27318,0.12047,0.03199,0.0034,0.26805,0.06773,correct_but_incomplete
0.12141,0.07336,0.63906,0.38637,0.63424,0.36346,correct
0.49343,0.21626,-0.01879,-0.04598,0.27941,0.07906,correct
0.18907,0.18907,0.60072,0.60072,0.57206,0.57206,incorrect
0.18362,0.05538,0.36161,0.17811,0.34964,0.14307,incorrect
0.27187,-0.03056,0.72869,0.62614,0.2979,0.24924,correct_but_incomplete
0.03109,-0.06673,0.55344,0.48345,0.48623,0.40685,correct_but_incomplete
0.02154,-0.02737,0.03069,-0.00629,0.02059,-0.01607,correct
-0.06746,-0.16105,0.48559,0.26413,0.33535,0.14367,correct
0.27462,0.04219,0.74827,0.60734,0.69114,0.45683,correct
-0.0527,-0.0527,0.65878,0.65878,0.62838,0.62838,contradictory
0.02596,-0.00589,-0.00565,-0.05612,0.00105,-0.03982,correct_but_incomplete
0.37869,0.14163,0.74561,0.59334,0.73415,0.51722,correct
0.11821,0.00955,0.65282,0.43503,0.56817,0.3656,contradictory
0.09466,-0.00017,0.67113,0.47935,0.62498,0.34844,incorrect
0.40874,0.03974,0.74762,0.60577,0.67774,0.43259,incorrect
0.40201,0.13686,0.64518,0.36782,0.30939,0.1273,incorrect
0.19019,-0.04416,0.54537,0.4365,0.42026,0.32035,incorrect
0.4881,0.20127,0.70942,0.51828,0.55879,0.34823,correct_but_incomplete
0.41144,0.10227,0.62103,0.43458,0.58047,0.35772,incorrect
0.2384,-0.00223,0.6707,0.46468,0.52541,0.22742,incorrect
0.12685,-0.0017,0.45115,0.20728,0.42975,0.19388,contradictory
0.21122,0.21122,0.38385,0.38385,0.24363,0.24363,correct
0.4675,0.15277,0.63725,0.2959,0.60236,0.19482,contradictory
0.22033,0.10868,0.72999,0.51505,0.40403,0.35547,incorrect
0.53413,0.36238,0.5651,0.56016,0.52585,0.37521,correct
-0.10999,-0.13955,0.62947,0.31651,0.3126,0.13108,correct
0.19218,0.11906,0.64335,0.51501,0.6281,0.44068,correct_but_incomplete
0.10851,-0.2071,0.11016,0.05861,0.10248,-0.03774,incorrect
0.59001,0.27717,-0.00721,-0.0308,0.06059,0.02353,correct_but_incomplete
0.06303,0.02351,0.61121,0.55046,0.13649,0.12609,correct
0.29252,0.07201,0.69912,0.49396,0.50177,0.33388,incorrect
0.14393,-0.01986,0.1232,0.04423,0.13075,0.01017,contradictory
0.09476,0.09476,0.6845,0.6845,0.47649,0.47649,correct_but_incomplete
-0.08774,-0.17887,0.73803,0.71589,0.69002,0.65106,contradictory
0.61306,0.10494,0.85108,0.72834,0.82374,0.57124,incorrect
-0.00911,-0.07235,0.48762,0.34299,0.32545,0.15154,contradictory
-0.02816,-0.06625,0.60067,0.3375,0.49483,0.26164,correct
0.1031,0.04095,0.04133,-0.02947,0.06931,0.02055,correct
-0.01268,-0.01268,0.69717,0.69717,0.04182,0.04182,correct
0.00848,-0.07525,0.49724,0.41436,0.42379,0.27481,correct
0.0341,0.02676,0.62418,0.47962,0.56782,0.29292,incorrect
0.10108,-0.08036,0.63236,0.4126,0.62477,0.3138,incorrect
0.23938,0.23938,0.45943,0.45943,0.42871,0.42871,correct
0.18423,0.1419,0.45921,0.27684,0.33225,0.20827,correct_but_incomplete
0.26279,0.04647,0.51316,0.33324,0.45689,0.20579,correct
0.28225,0.20811,0.45666,0.34769,0.34886,0.22974,contradictory
0.3852,0.19839,0.0375,-0.00713,0.10554,0.0408,correct_but_incomplete
0.00426,-0.02534,0.39948,0.30755,0.29191,0.21416,incorrect
0.17885,-0.02491,0.77606,0.58686,0.71785,0.46634,correct_but_incomplete
0.28878,0.07777,0.67616,0.47008,0.29866,0.19973,correct_but_incomplete
0.20731,0.05953,0.41808,0.2705,0.2621,0.10551,correct
-0.00675,-0.0225,0.0822,0.03359,0.02396,-0.00428,incorrect
0.26788,0.10207,0.62337,0.43173,0.39985,0.2988,correct
0.89671,0.44377,0.70353,0.34017,0.6557,0.30015,incorrect
0.28226,0.03911,0.69171,0.51753,0.5173,0.35886,correct_but_incomplete
0.5634,0.2452,0.57838,0.27616,0.56558,0.26296,correct
0.26037,0.07865,0.64864,0.44726,0.59072,0.39925,incorrect
0.35974,0.271,0.76422,0.58941,0.31107,0.27121,correct_but_incomplete
0.1123,-0.02116,0.60885,0.55567,0.29171,0.2521,incorrect
0.22584,0.0862,0.55582,0.29089,0.36546,0.22826,correct_but_incomplete
1.00034,0.18709,0.72446,0.16597,0.82581,0.17031,correct
0.0557,0.0557,0.51492,0.51492,0.50663,0.50663,incorrect
0.10188,0.01245,0.5682,0.51999,0.4178,0.33963,correct_but_incomplete
0.03897,0.01448,0.3524,0.3204,0.34097,0.26251,incorrect
0.23912,-0.0083,0.7275,0.45454,0.32445,0.19809,correct_but_incomplete
0.06782,0.01391,0.0058,-0.03447,0.02585,-0.01327,correct_but_incomplete
0.42888,0.08143,0.65644,0.44828,0.51245,0.19663,correct
0.10627,0.01715,0.55237,0.43888,0.4694,0.41785,incorrect
0.27085,0.27085,-0.02507,-0.02507,0.15636,0.15636,correct_but_incomplete
-0.00254,-0.24205,0.6651,0.39613,0.58431,0.2567,correct
0.07899,0.07899,0.5876,0.5876,0.18976,0.18976,correct_but_incomplete
0.33585,0.1225,0.2987,0.17986,0.31018,0.1748,incorrect
0.60299,0.25718,0.77953,0.53133,0.65925,0.40979,correct
0.14338,0.14338,0.63319,0.63319,0.20352,0.20352,correct_but_incomplete
0.353,0.08713,0.68943,0.60443,0.68769,0.57619,correct
0.0854,0.02638,0.63398,0.44887,0.50834,0.30662,correct
0.11007,0.01414,0.01961,-0.0379,0.03935,-0.00751,contradictory
0.14023,-0.03403,0.59179,0.31035,0.55126,0.26419,contradictory
0.05647,0.00226,0.68345,0.46505,0.58972,0.38764,incorrect
0.26482,0.12507,0.61895,0.55594,0.4694,0.38708,incorrect
0.02456,-0.13455,0.56972,0.42722,0.35579,0.16522,correct
0.03509,-0.02994,0.72962,0.49133,0.69719,0.31087,correct_but_incomplete
0.10459,0.06079,0.66204,0.52585,0.54242,0.41175,correct_but_incomplete
0.06252,0.01535,0.57566,0.37926,0.45197,0.20754,correct
0.50227,0.28375,0.509,0.34062,0.42061,0.30141,correct
0.06315,-0.00099,0.48755,0.36436,0.30902,0.20879,correct
-0.05832,-0.05832,-0.01066,-0.01066,-0.03919,-0.03919,correct_but_incomplete
0.12351,-0.09627,0.69184,0.44205,0.65146,0.30811,incorrect
0.86934,0.40062,0.70329,0.59654,0.68786,0.44857,correct
0.22153,0.07253,0.54486,0.41013,0.30705,0.1707,correct_but_incomplete
0.19951,0.07392,0.7449,0.48926,0.502,0.2775,correct
0.14173,0.11871,0.46672,0.15612,0.41468,0.16343,correct
0.07452,-0.05606,0.67865,0.47261,0.56651,0.37636,incorrect
0.75896,0.34948,0.62841,0.52326,0.57189,0.45787,correct
0.07484,0.00428,0.67344,0.44594,0.63892,0.35821,correct_but_incomplete
0.41108,0.21762,0.72588,0.66234,0.71064,0.59185,correct_but_incomplete
0.40698,0.23008,0.71249,0.5873,0.47003,0.3916,correct_but_incomplete
0.02507,-0.06996,0.8173,0.66011,0.77003,0.53717,incorrect
0.01924,0.01924,0.40029,0.40029,0.32749,0.32749,correct
0.73083,0.26738,0.55468,0.37262,0.54236,0.33205,correct
0.24845,0.08704,0.59089,0.58853,0.3245,0.28368,incorrect
0.1978,-0.04644,0.67375,0.38084,0.41894,0.18803,correct_but_incomplete
0.13776,0.02787,0.55447,0.29213,0.55425,0.21866,contradictory
0.48896,0.14652,0.54473,0.45977,0.51139,0.31738,correct_but_incomplete
0.05137,0.00984,0.77483,0.6907,0.74344,0.63773,incorrect
0.45767,0.17466,0.69475,0.51286,0.64517,0.35398,correct_but_incomplete
0.90575,0.47874,0.79598,0.52491,0.78787,0.47059,incorrect
0.28323,0.04731,0.60159,0.3688,0.60125,0.34797,correct
0.05687,-0.04531,-0.01952,-0.04428,0.02365,-0.04159,incorrect
-0.18525,-0.18525,0.45328,0.45328,0.38053,0.38053,incorrect
0.30292,0.1281,0.70763,0.60464,0.63077,0.5212,correct_but_incomplete
0.10921,0.06419,0.63668,0.58276,0.45861,0.42043,incorrect
0.10234,-0.01701,0.71064,0.61367,0.70233,0.51759,correct_but_incomplete
-0.01469,-0.01469,0.52166,0.52166,0.51365,0.51365,contradictory
0.34002,0.14985,0.81092,0.48062,0.65057,0.31712,correct
0.18172,-0.02293,0.6819,0.36196,0.62287,0.30004,correct
0.46234,0.31393,0.70469,0.28524,0.34887,0.17131,incorrect
0.45853,0.21393,0.72803,0.59142,0.47067,0.36616,correct
0.07946,-0.01651,-0.00595,-0.05583,-0.00875,-0.04239,incorrect
0.01163,-0.02959,0.03662,0.01204,0.02658,-0.01206,incorrect
0.60463,0.3486,0.71963,0.42569,0.7138,0.3532,correct
0.13683,-0.03299,0.7205,0.46775,0.71283,0.44954,correct_but_incomplete
0.1408,0.06934,0.53916,0.45219,0.53805,0.36853,correct_but_incomplete
0.12714,0.08311,0.7077,0.41766,0.61387,0.34875,correct
0.69002,0.25194,0.51283,0.30656,0.58605,0.27346,incorrect
0.10729,-0.17376,0.61988,0.40973,0.57006,0.22694,correct_but_incomplete
0.0301,-0.01338,0.54356,0.42395,0.38771,0.28298,correct
0.30275,0.19994,0.47997,0.33244,0.3515,0.25577,correct
0.50533,0.19214,0.4776,0.2809,0.38137,0.24058,correct_but_incomplete
0.60591,0.16903,0.65197,0.339,0.51582,0.32097,correct
0.60483,0.29234,0.02431,-0.01587,0.43002,0.12668,incorrect
0.35209,0.05637,0.62067,0.41704,0.60605,0.28679,correct
-0.11623,-0.34594,0.59321,0.58754,0.49602,0.36062,incorrect
0.41586,0.18918,0.73351,0.5111,0.6739,0.38213,correct_but_incomplete
0.14325,0.04723,0.78263,0.3469,0.7463,0.3427,correct_but_incomplete
0.15273,0.074,0.71051,0.45562,0.66599,0.31615,correct_but_incomplete
0.25003,0.09861,0.77124,0.6357,0.73662,0.49735,correct
0.12408,0.12408,-0.06011,-0.06011,-0.00906,-0.00906,incorrect
0.19332,0.1208,0.71687,0.62741,0.64206,0.58448,incorrect
0.07154,-0.0419,0.73269,0.54076,0.68565,0.42447,correct
-0.07647,-0.23952,0.52951,0.39825,0.34545,0.07819,correct
0.28071,-0.1081,0.86845,0.56078,0.78412,0.37327,incorrect
0.05245,0.00206,0.64448,0.56563,0.51325,0.49761,correct
0.40325,0.24584,0.60365,0.50745,0.36217,0.32514,correct
0.02027,-0.06708,0.05516,0.00686,0.03627,-0.01578,correct
0.13862,0.04547,0.58684,0.43622,0.56665,0.41203,correct_but_incomplete
0.2722,0.05648,0.67894,0.57143,0.61755,0.47397,incorrect
0.34502,-0.0173,0.62423,0.45473,0.26798,0.03595,correct_but_incomplete
0.03825,-0.00949,0.57184,0.33034,0.49781,0.31179,correct
0.2744,0.12145,0.68959,0.41923,0.28485,0.14992,correct
0.06747,-0.01745,0.67242,0.56197,0.62475,0.42298,correct
0.58151,0.23213,0.66016,0.62655,0.57967,0.44078,correct
0.31704,0.09784,0.62083,0.50008,0.50441,0.4008,correct_but_incomplete
0.06825,0.06825,0.73365,0.73365,0.10168,0.10168,incorrect
0.16736,0.08433,0.77652,0.51869,0.6185,0.29814,incorrect
0.19566,0.05846,0.34359,0.31663,0.24471,0.1984,correct
0.33983,0.13328,0.44601,0.28177,0.44552,0.26201,correct_but_incomplete
0.33184,0.07833,0.83108,0.7192,0.77058,0.68275,correct
0.5093,0.19282,0.59551,0.40066,0.49805,0.28792,correct
0.55747,0.55747,0.61007,0.61007,0.59945,0.59945,correct
0.82387,0.32527,0.76059,0.56219,0.67733,0.38775,correct
0.68816,0.27071,0.70415,0.61236,0.64058,0.44627,correct_but_incomplete
0.05799,-0.02193,0.67954,0.58763,0.46434,0.37698,correct
0.21959,-0.02218,0.77493,0.68035,0.35366,0.29409,correct_but_incomplete
0.60898,0.28895,0.77084,0.4887,0.76503,0.35518,correct
0.73769,0.23021,0.5909,0.53749,0.57523,0.48684,correct
0.38396,0.26975,0.66482,0.44351,0.5222,0.35043,correct
0.20338,0.01206,0.7155,0.40443,0.604,0.37841,correct
0.05833,-0.00544,0.60394,0.2648,0.58559,0.2338,correct
0.59972,0.17262,0.57302,0.41822,0.54852,0.30038,correct
0.07866,0.00998,0.78342,0.47008,0.58927,0.31552,correct_but_incomplete
0.98547,0.15696,0.80314,0.57529,0.75222,0.35371,contradictory
0.59151,0.59151,0.59526,0.59526,0.40244,0.40244,correct
0.4209,0.23549,0.62107,0.4918,0.47327,0.37594,incorrect
0.11448,-0.08912,0.43345,0.37609,0.27273,0.24407,correct
0.13355,0.09844,0.45265,0.43333,0.41246,0.37165,correct
0.34949,0.16406,0.7344,0.51801,0.67533,0.39398,correct
0.05623,0.01664,0.77013,0.61595,0.76818,0.51287,correct_but_incomplete
0.20869,-0.12136,0.65156,0.39018,0.52487,0.20717,correct_but_incomplete
0.06043,-0.09572,0.72531,0.43887,0.66365,0.36265,incorrect
0.34305,0.14103,0.799,0.6782,0.66643,0.5734,correct_but_incomplete
0.08004,0.04484,0.71759,0.53815,0.32584,0.23916,correct
0.42455,0.01451,0.6682,0.32827,0.59582,0.23627,correct
0.00035,-0.03989,0.51258,0.49908,0.51225,0.49806,correct
0.21577,-0.06283,0.50417,0.3437,0.49227,0.25973,incorrect
-0.04992,-0.05785,0.39703,0.25934,0.39369,0.20346,incorrect
0.02349,0.00357,0.68478,0.55516,0.67914,0.4463,correct_but_incomplete
0.72866,0.23015,0.61951,0.2841,0.57725,0.2578,correct
0.28499,0.04036,0.65187,0.36925,0.50951,0.31497,contradictory
0.10901,0.09421,0.7058,0.53719,0.54065,0.40315,correct
0.31827,0.07701,0.74178,0.4563,0.61861,0.32079,correct
-0.0742,-0.27478,0.53435,0.3823,0.46094,0.22426,incorrect
0.18866,0.06269,0.47128,0.37073,0.36037,0.26701,correct_but_incomplete
0.21456,-0.00482,0.551,0.37348,0.4282,0.20919,correct_but_incomplete
0.37096,0.18413,1.00003,0.12534,0.51155,0.12326,incorrect
-0.01391,-0.01391,0.60124,0.60124,0.46595,0.46595,contradictory
0.88671,0.36606,-0.00212,-0.08629,0.38602,0.1818,correct
0.01315,-0.0073,0.31297,0.20467,0.23103,0.14,correct
0.35742,0.14105,0.55517,0.41329,0.51345,0.30842,incorrect
0.05601,-0.00734,0.35775,0.24879,0.35247,0.23628,incorrect
0.21613,0.05786,0.74627,0.46697,0.73323,0.34711,contradictory
0.08049,0.02698,0.60435,0.41536,0.36588,0.2236,correct
0.06233,0.00445,0.64487,0.41966,0.45498,0.22128,correct
0.26599,0.03968,0.53894,0.43746,0.4563,0.33565,incorrect
0.16846,0.05202,0.45179,0.40499,0.34063,0.25373,correct_but_incomplete
0.10654,-0.00881,0.07251,-0.02991,0.0725,-0.00751,contradictory
0.4714,0.23618,0.77703,0.52118,0.57259,0.3572,incorrect
0.49859,0.21296,0.6942,0.59072,0.54286,0.45089,incorrect
0.21721,0.09133,0.82352,0.47641,0.2009,0.11576,correct
0.90035,0.23677,-0.05221,-0.08667,0.67483,0.18882,correct_but_incomplete
0.2399,0.04045,0.65531,0.23531,0.11444,0.0672,incorrect
0.31204,0.12279,0.56338,0.46957,0.43462,0.33353,correct
0.18844,-0.01834,0.69734,0.54637,0.68982,0.50282,incorrect
0.99739,0.20488,0.03752,-0.0248,0.99668,0.21545,correct
0.04224,0.02585,0.72042,0.59485,0.71997,0.55545,correct
0.03687,-0.02119,0.03099,0.00381,0.03235,-0.01008,correct
0.43936,0.08387,0.60392,0.37492,0.59752,0.3467,correct
0.03473,0.01222,0.6943,0.37681,0.60268,0.313,incorrect
0.10559,0.00449,0.10973,0.05589,0.08085,0.0155,incorrect
0.08914,-0.03692,0.69135,0.40478,0.63421,0.34222,correct_but_incomplete
0.3993,0.09286,0.74853,0.53151,0.52791,0.32036,correct_but_incomplete
0.57406,0.27176,0.58309,0.46805,0.48204,0.3347,correct_but_incomplete
0.65147,0.18794,0.08837,0.01135,0.29949,0.08755,correct
0.25119,-0.06312,0.72824,0.44377,0.63632,0.36802,incorrect
0.46913,0.46913,0.62562,0.62562,0.56894,0.56894,correct
0.07588,-0.00229,0.60513,0.37219,0.56205,0.19414,correct
0.095,0.0177,0.40771,0.1453,0.39548,0.17057,correct
0.11874,-0.13026,0.62534,0.46862,0.55306,0.37423,incorrect
0.03286,-0.03586,0.29461,0.20018,0.21044,0.12441,correct_but_incomplete
0.34267,0.08639,0.62185,0.49912,0.46341,0.21396,correct
0.65009,0.2755,0.70265,0.59554,0.61106,0.3088,correct
0.23133,0.23133,0.4336,0.4336,0.35396,0.35396,correct
0.08162,0.01626,0.12963,0.02629,0.08839,0.02345,correct
0.1707,-0.00602,0.11268,0.02719,0.16952,0.02444,correct
0.16979,0.03337,0.63035,0.37716,0.36503,0.25364,incorrect
0.08398,-0.04201,0.53687,0.36942,0.2756,0.1675,correct_but_incomplete
0.86337,0.29873,0.0212,-0.01144,0.31067,0.09861,correct
0.81408,0.30836,0.72178,0.61148,0.55862,0.44944,correct
0.46468,0.09077,0.72341,0.52518,0.71641,0.48521,incorrect
0.25577,0.12154,0.77398,0.55439,0.76295,0.48893,correct_but_incomplete
0.44465,0.18183,0.6876,0.42905,0.57486,0.29837,correct
0.35369,0.29706,0.73751,0.61658,0.32139,0.28506,correct_but_incomplete
0.78925,0.21379,0.7801,0.49998,0.59656,0.40081,contradictory
0.50443,0.21582,0.6754,0.49171,0.46191,0.32766,correct_but_incomplete
-0.02613,-0.17425,0.48756,0.33699,0.17728,0.07866,incorrect
0.30443,0.09744,0.57641,0.39935,0.53995,0.28112,incorrect
0.01263,-0.0461,0.74679,0.57815,0.70542,0.51952,correct
0.73109,0.27583,0.6936,0.44516,0.63963,0.3683,correct_but_incomplete
0.11528,-0.03793,0.6374,0.59425,0.59258,0.53088,incorrect
0.72802,0.26078,0.67772,0.50626,0.54281,0.35795,contradictory
0.17186,0.11807,0.58506,0.41778,0.45734,0.27944,correct
0.05246,0.02492,0.57292,0.5073,0.41466,0.32464,correct
0.14991,0.05359,0.57412,0.53585,0.40619,0.37796,correct
0.61192,0.4658,0.72588,0.4186,0.54737,0.3706,correct_but_incomplete
0.15804,0.0749,-0.02595,-0.06986,0.10505,-0.01689,contradictory
0.11055,0.00419,0.58669,0.3731,0.5833,0.27962,correct
0.56458,0.27034,0.72135,0.63175,0.67773,0.5014,correct
0.08464,-0.0078,0.67664,0.57512,0.64362,0.54648,correct_but_incomplete
0.16361,0.01329,0.37637,0.26974,0.3386,0.17516,correct
0.21792,0.00152,0.67895,0.47395,0.45621,0.26989,incorrect
0.61551,0.31694,0.5733,0.42573,0.58286,0.37005,correct
-0.28969,-0.28969,0.53909,0.53909,0.45256,0.45256,incorrect
0.0581,0.00856,0.66473,0.52562,0.40966,0.23228,correct_but_incomplete
0.18967,0.05995,0.75555,0.53288,0.31354,0.24101,correct
0.12132,0.00165,0.05621,-0.00871,0.01744,-0.01798,correct
0.27904,0.09689,0.59664,0.32359,0.33851,0.19823,correct_but_incomplete
0.14274,-0.13744,0.49644,0.35164,0.46364,0.18492,incorrect
0.3151,0.02703,0.55516,0.40632,0.43886,0.2604,incorrect
0.30334,0.13763,0.71919,0.4225,0.63336,0.37492,correct
0.20147,-0.1805,0.60571,0.34649,0.59564,0.29185,incorrect
0.26386,-0.03369,0.15757,-0.03807,0.07615,-0.03438,correct_but_incomplete
0.07117,-0.16808,0.70744,0.46933,0.16765,0.0065,correct
0.24412,0.12323,0.74502,0.49135,0.39614,0.2885,incorrect
0.02289,-0.00936,0.62983,0.35906,0.20439,0.11126,incorrect
0.29992,0.05497,0.57894,0.33733,0.573,0.26261,correct_but_incomplete
0.14507,0.06557,0.63463,0.53493,0.63401,0.51806,correct
-0.14929,-0.14929,0.60361,0.60361,0.43368,0.43368,contradictory
0.18349,0.01759,0.51963,0.49049,0.51357,0.37264,incorrect
-0.14178,-0.14178,0.31115,0.31115,0.26274,0.26274,correct_but_incomplete
0.67962,0.33152,0.50597,0.42151,0.45708,0.21694,correct
0.23425,0.16279,0.68223,0.52152,0.53325,0.38768,correct_but_incomplete
0.06716,0.02716,0.71643,0.26636,0.71605,0.24933,correct
0.15138,0.0345,0.33261,0.24519,0.24695,0.14667,correct
0.09768,0.02459,0.79517,0.5324,0.78983,0.4423,contradictory
0.08578,-0.02406,0.7291,0.4979,0.72641,0.40344,correct
0.12978,0.08712,0.39786,0.24717,0.36924,0.21916,incorrect
0.13257,-0.05083,0.58222,0.52315,0.48633,0.19133,incorrect
0.12921,0.08076,0.65591,0.48765,0.48755,0.35045,correct
0.13157,-0.01521,0.65487,0.4041,0.65166,0.29223,contradictory
0.36016,0.14135,0.79505,0.55312,0.38518,0.22069,incorrect
0.09757,-0.03191,0.76099,0.4912,0.72608,0.41458,incorrect
0.20719,0.03243,0.67205,0.43024,0.3969,0.23976,correct
0.28388,0.11429,0.46004,0.36074,0.43363,0.28898,correct_but_incomplete
-0.03096,-0.10723,0.00961,-0.00202,0.00507,-0.00636,incorrect
0.12113,-0.08684,0.6062,0.35492,0.43979,0.18373,correct_but_incomplete
0.37044,0.1479,0.75938,0.53056,0.50047,0.30028,correct_but_incomplete
0.00415,-0.01728,0.73273,0.66776,0.67822,0.54689,correct_but_incomplete
0.08504,0.00217,0.04708,-0.0146,0.04379,-0.00933,correct_but_incomplete
0.31802,0.31802,0.54211,0.54211,0.29103,0.29103,correct_but_incomplete
0.48271,0.29732,0.42452,0.30257,0.39812,0.27106,correct
-0.0069,-0.08657,0.65351,0.47474,0.64523,0.41164,correct
0.03884,-0.03332,0.6618,0.49045,0.65988,0.47246,correct
0.81834,0.38246,0.58021,0.36159,0.65843,0.46163,correct
-0.0055,-0.17968,0.67055,0.53274,0.42345,0.24116,incorrect
0.04792,-0.04916,0.71799,0.63398,0.68281,0.3977,correct_but_incomplete
0.05727,-0.00176,0.08861,0.02798,0.07217,0.02167,contradictory
0.05663,0.00965,-0.03548,-0.07877,-0.02057,-0.0478,correct_but_incomplete
0.06916,0.03113,0.06916,-0.02919,0.06913,-0.015,correct
0.11266,-0.04057,0.67263,0.53356,0.55163,0.41066,incorrect
-0.00878,-0.08888,0.59323,0.36059,0.5831,0.36987,incorrect
0.57814,0.33639,0.67113,0.47217,0.521,0.41505,correct_but_incomplete
0.21443,0.14406,0.51476,0.461,0.32713,0.24813,correct_but_incomplete
0.12642,0.05443,0.6108,0.419,0.32707,0.23802,correct
0.13528,-0.04893,0.56379,0.40241,0.37163,0.16387,correct
